{
  "title": "Internal Quality Assurance Cell (IQAC)",
  "subtitle": "Ensuring Excellence in Education and Institutional Development",
  "heroImage": "https://images.unsplash.com/photo-1523050854058-8df90110c9f1?w=1200&h=600&fit=crop",
  "mission": {
    "title": "Our Mission",
    "content": "The IQAC is committed to developing a quality system for conscious, consistent, and catalytic programmed action to improve the academic and administrative performance of the institution."
  },
  "vision": {
    "title": "Our Vision",
    "content": "To promote measures for institutional functioning towards quality enhancement through internalization of quality culture and institutionalization of best practices."
  },
  "objectives": [
    "To develop a quality system for conscious, consistent, and catalytic improvement in the overall performance of the institution",
    "To channelize the efforts and measures of the institution towards academic excellence",
    "To be the driving force for ushering in quality by working out intervention strategies to remove deficiencies and enhance quality"
  ],
  "functions": [
    "Development and application of quality benchmarks/parameters for various academic and administrative activities",
    "Facilitating the creation of a learner-centric environment conducive to quality education and faculty maturation to adopt the required knowledge and technology for participatory teaching and learning process",
    "Collection and analysis of feedback from all stakeholders on quality-related institutional processes",
    "Dissemination of information on various quality parameters of higher education",
    "Organization of inter and intra institutional workshops, seminars on quality related themes",
    "Documentation of the various programmes/activities leading to quality improvement"
  ],
  "committee": {
    "title": "IQAC Committee",
    "members": [
      {
        "name": "Dr. S. Kanimozhi Suguna\t",
        "position": "Chairman",
        "designation": "",
        "department": "Computer Applications"
      },
      {
        "name": "Dr. S. Yazhini",
        "position": "Coordinator",
        "designation": "",
        "department": "Computer Applications"
      },
      {
        "name": "Dr. M. Balasubramani",
        "position": "Member",
        "designation": "",
        "department": "Computer Applications"
      },
      {
        "name": "Dr. S. Muppidathi",
        "position": "Member",
        "designation": "",
        "department": "Tamil"
      },
      {
        "name": "Dr. P. Saravanan",
        "position": "Member",
        "designation": "",
        "department": "English\t"
      },
      {
        "name": "Dr. S. Saranya",
        "position": "Member",
        "designation": "",
        "department": "Mathematics\t"
      },
      {
        "name": "\tMr. M. Chinusamy",
        "position": "Member",
        "designation": "",
        "department": "Computer Science\t"
      }
    ]
  },
  "activities": [
    {
      "title": "Quality Audit",
      "description": "Regular internal quality audits and assessments",
      "date": "2024-01-15",
      "status": "Completed"
    },
    {
      "title": "Faculty Development Program",
      "description": "Workshop on modern teaching methodologies",
      "date": "2024-02-20",
      "status": "Upcoming"
    },
    {
      "title": "Student Feedback Analysis",
      "description": "Comprehensive analysis of student feedback for quality improvement",
      "date": "2024-03-10",
      "status": "In Progress"
    }
  ],
  "reports": [
    {
      "title": "Annual Quality Assurance Report 2023-24",
      "file": "/reports/aqar-2023-24.pdf",
      "date": "2024-06-30"
    },
    {
      "title": "Best Practices Document",
      "file": "/reports/best-practices.pdf",
      "date": "2024-05-15"
    }
  ],
  "bestPractices": [
    "Student-centric teaching-learning process",
    "Continuous assessment and feedback mechanism",
    "Industry-academia collaboration",
    "Research and innovation promotion",
    "Community engagement programs"
  ],
  "enabled": {
    "activities": false,
    "practices": false,
    "reports": false
  }
}